{"google": 1, "youtube": 1, "reddit": 1, "twitter": 1, "noise_youtube": 1, "noise_reddit": 1, "noise_twitter": 1, "observations_youtube_-1": 0, "observations_reddit_-1": 0, "observations_twitter_-1": 0, "observations_youtube_0": 1, "observations_reddit_0": 1, "observations_twitter_0": 1, "treatments_youtube_0": 0, "treatments_reddit_0": 0, "treatments_twitter_0": 0, "observations_youtube_1": 0, "observations_reddit_1": 0, "observations_twitter_1": 0, "treatments_youtube_1": 0, "treatments_reddit_1": 0, "treatments_twitter_1": 0, "observations_youtube_2": 0, "observations_reddit_2": 0, "observations_twitter_2": 0, "treatments_youtube_2": 0, "treatments_reddit_2": 0, "treatments_twitter_2": 0, "observations_youtube_3": 0, "observations_reddit_3": 0, "observations_twitter_3": 0, "treatments_youtube_3": 0, "treatments_reddit_3": 0, "treatments_twitter_3": 0, "observations_youtube_4": 0, "observations_reddit_4": 0, "observations_twitter_4": 0, "treatments_youtube_4": 0, "treatments_reddit_4": 0, "treatments_twitter_4": 0, "observations_youtube_5": 0, "observations_reddit_5": 0, "observations_twitter_5": 0}